{
  "id": "/subscriptions/363e71f8-147e-4f78-bab5-c40600d3d6b4/resourceGroups/deploy/providers/Microsoft.Resources/deployments/CreateVm-Canonical.UbuntuServer-16.04-LTS-20190801222952",
  "name": "CreateVm-Canonical.UbuntuServer-16.04-LTS-20190801222952",
  "properties": {
    "templateHash": "13172156736845014774",
    "parameters": {
      "location": {
        "type": "String",
        "value": "brazilsouth"
      },
      "networkInterfaceName": {
        "type": "String",
        "value": "deploy399"
      },
      "networkSecurityGroupName": {
        "type": "String",
        "value": "Deploy-nsg"
      },
      "networkSecurityGroupRules": {
        "type": "Array",
        "value": []
      },
      "subnetName": {
        "type": "String",
        "value": "default"
      },
      "virtualNetworkName": {
        "type": "String",
        "value": "deploy-vnet"
      },
      "addressPrefixes": {
        "type": "Array",
        "value": [
          "10.0.0.0/24"
        ]
      },
      "subnets": {
        "type": "Array",
        "value": [
          {
            "name": "default",
            "properties": {
              "addressPrefix": "10.0.0.0/24"
            }
          }
        ]
      },
      "publicIpAddressName": {
        "type": "String",
        "value": "Deploy-ip"
      },
      "publicIpAddressType": {
        "type": "String",
        "value": "Dynamic"
      },
      "publicIpAddressSku": {
        "type": "String",
        "value": "Basic"
      },
      "virtualMachineName": {
        "type": "String",
        "value": "Deploy"
      },
      "virtualMachineRG": {
        "type": "String",
        "value": "deploy"
      },
      "osDiskType": {
        "type": "String",
        "value": "Premium_LRS"
      },
      "dataDisks": {
        "type": "Array",
        "value": [
          {
            "lun": 0,
            "createOption": "attach",
            "caching": "None",
            "writeAcceleratorEnabled": false,
            "id": null,
            "name": "Deploy_DataDisk_0",
            "storageAccountType": null,
            "diskSizeGB": null
          }
        ]
      },
      "dataDiskResources": {
        "type": "Array",
        "value": [
          {
            "name": "Deploy_DataDisk_0",
            "sku": "Premium_LRS",
            "properties": {
              "diskSizeGB": 1023,
              "creationData": {
                "createOption": "empty"
              }
            }
          }
        ]
      },
      "virtualMachineSize": {
        "type": "String",
        "value": "Standard_D2s_v3"
      },
      "adminUsername": {
        "type": "String",
        "value": "deploy"
      },
      "adminPublicKey": {
        "type": "SecureString"
      },
      "diagnosticsStorageAccountName": {
        "type": "String",
        "value": "deploydiag407"
      },
      "diagnosticsStorageAccountId": {
        "type": "String",
        "value": "Microsoft.Storage/storageAccounts/deploydiag407"
      },
      "diagnosticsStorageAccountType": {
        "type": "String",
        "value": "Standard_LRS"
      },
      "diagnosticsStorageAccountKind": {
        "type": "String",
        "value": "Storage"
      }
    },
    "mode": "Incremental",
    "debugSetting": {
      "detailLevel": "None"
    },
    "provisioningState": "Running",
    "timestamp": "2019-08-02T01:49:52.514202Z",
    "duration": "PT40.5399599S",
    "correlationId": "0d09f192-1343-41aa-8fbc-18bc4a6be378",
    "providers": [
      {
        "namespace": "Microsoft.Network",
        "resourceTypes": [
          {
            "resourceType": "networkInterfaces",
            "locations": [
              "brazilsouth"
            ]
          },
          {
            "resourceType": "networkSecurityGroups",
            "locations": [
              "brazilsouth"
            ]
          },
          {
            "resourceType": "virtualNetworks",
            "locations": [
              "brazilsouth"
            ]
          },
          {
            "resourceType": "publicIpAddresses",
            "locations": [
              "brazilsouth"
            ]
          }
        ]
      },
      {
        "namespace": "Microsoft.Compute",
        "resourceTypes": [
          {
            "resourceType": "virtualMachines",
            "locations": [
              "brazilsouth"
            ]
          },
          {
            "resourceType": "disks",
            "locations": [
              "brazilsouth"
            ]
          }
        ]
      },
      {
        "namespace": "Microsoft.Storage",
        "resourceTypes": [
          {
            "resourceType": "storageAccounts",
            "locations": [
              "brazilsouth"
            ]
          }
        ]
      }
    ],
    "dependencies": [
      {
        "dependsOn": [
          {
            "id": "/subscriptions/363e71f8-147e-4f78-bab5-c40600d3d6b4/resourceGroups/deploy/providers/Microsoft.Network/networkSecurityGroups/Deploy-nsg",
            "resourceType": "Microsoft.Network/networkSecurityGroups",
            "resourceName": "Deploy-nsg"
          },
          {
            "id": "/subscriptions/363e71f8-147e-4f78-bab5-c40600d3d6b4/resourceGroups/deploy/providers/Microsoft.Network/virtualNetworks/deploy-vnet",
            "resourceType": "Microsoft.Network/virtualNetworks",
            "resourceName": "deploy-vnet"
          },
          {
            "id": "/subscriptions/363e71f8-147e-4f78-bab5-c40600d3d6b4/resourceGroups/deploy/providers/Microsoft.Network/publicIpAddresses/Deploy-ip",
            "resourceType": "Microsoft.Network/publicIpAddresses",
            "resourceName": "Deploy-ip"
          }
        ],
        "id": "/subscriptions/363e71f8-147e-4f78-bab5-c40600d3d6b4/resourceGroups/deploy/providers/Microsoft.Network/networkInterfaces/deploy399",
        "resourceType": "Microsoft.Network/networkInterfaces",
        "resourceName": "deploy399"
      },
      {
        "dependsOn": [
          {
            "id": "/subscriptions/363e71f8-147e-4f78-bab5-c40600d3d6b4/resourceGroups/deploy/providers/Microsoft.Compute/disks/Deploy_DataDisk_0",
            "resourceType": "Microsoft.Compute/disks",
            "resourceName": "Deploy_DataDisk_0"
          },
          {
            "id": "/subscriptions/363e71f8-147e-4f78-bab5-c40600d3d6b4/resourceGroups/deploy/providers/Microsoft.Network/networkInterfaces/deploy399",
            "resourceType": "Microsoft.Network/networkInterfaces",
            "resourceName": "deploy399"
          },
          {
            "id": "/subscriptions/363e71f8-147e-4f78-bab5-c40600d3d6b4/resourceGroups/deploy/providers/Microsoft.Storage/storageAccounts/deploydiag407",
            "resourceType": "Microsoft.Storage/storageAccounts",
            "resourceName": "deploydiag407"
          }
        ],
        "id": "/subscriptions/363e71f8-147e-4f78-bab5-c40600d3d6b4/resourceGroups/deploy/providers/Microsoft.Compute/virtualMachines/Deploy",
        "resourceType": "Microsoft.Compute/virtualMachines",
        "resourceName": "Deploy"
      }
    ],
    "validationLevel": "Template"
  }
}