[
  {
    "id": "/subscriptions/363e71f8-147e-4f78-bab5-c40600d3d6b4/resourceGroups/deploy/providers/Microsoft.Resources/deployments/CreateVm-Canonical.UbuntuServer-16.04-LTS-20190801222952/operations/2D1DC28C70C941EC",
    "operationId": "2D1DC28C70C941EC",
    "properties": {
      "provisioningOperation": "Create",
      "provisioningState": "Running",
      "timestamp": "2019-08-02T01:49:53.0946622Z",
      "duration": "PT13.5736806S",
      "trackingId": "fabd7bfc-6ebb-47a9-8756-d4ff70aee1f4",
      "statusCode": "Created",
      "targetResource": {
        "id": "/subscriptions/363e71f8-147e-4f78-bab5-c40600d3d6b4/resourceGroups/deploy/providers/Microsoft.Compute/virtualMachines/Deploy",
        "resourceType": "Microsoft.Compute/virtualMachines",
        "resourceName": "Deploy"
      }
    }
  },
  {
    "id": "/subscriptions/363e71f8-147e-4f78-bab5-c40600d3d6b4/resourceGroups/deploy/providers/Microsoft.Resources/deployments/CreateVm-Canonical.UbuntuServer-16.04-LTS-20190801222952/operations/3AA1AD7744E5B274",
    "operationId": "3AA1AD7744E5B274",
    "properties": {
      "provisioningOperation": "Create",
      "provisioningState": "Succeeded",
      "timestamp": "2019-08-02T01:49:17.6799946Z",
      "duration": "PT0.2846106S",
      "trackingId": "4bec10cc-8859-4f93-8730-ed87f64960f4",
      "statusCode": "Created",
      "targetResource": {
        "id": "/subscriptions/363e71f8-147e-4f78-bab5-c40600d3d6b4/resourceGroups/deploy/providers/Microsoft.Network/networkInterfaces/deploy399",
        "resourceType": "Microsoft.Network/networkInterfaces",
        "resourceName": "deploy399"
      }
    }
  },
  {
    "id": "/subscriptions/363e71f8-147e-4f78-bab5-c40600d3d6b4/resourceGroups/deploy/providers/Microsoft.Resources/deployments/CreateVm-Canonical.UbuntuServer-16.04-LTS-20190801222952/operations/65CB0A4E94B4A55A",
    "operationId": "65CB0A4E94B4A55A",
    "properties": {
      "provisioningOperation": "Create",
      "provisioningState": "Succeeded",
      "timestamp": "2019-08-02T01:49:17.3740123Z",
      "duration": "PT4.1696593S",
      "trackingId": "5de2f48c-fc76-4064-8047-84770bde3703",
      "statusCode": "OK",
      "targetResource": {
        "id": "/subscriptions/363e71f8-147e-4f78-bab5-c40600d3d6b4/resourceGroups/deploy/providers/Microsoft.Network/virtualNetworks/deploy-vnet",
        "resourceType": "Microsoft.Network/virtualNetworks",
        "resourceName": "deploy-vnet"
      }
    }
  },
  {
    "id": "/subscriptions/363e71f8-147e-4f78-bab5-c40600d3d6b4/resourceGroups/deploy/providers/Microsoft.Resources/deployments/CreateVm-Canonical.UbuntuServer-16.04-LTS-20190801222952/operations/C17D8AA5D9AA2B15",
    "operationId": "C17D8AA5D9AA2B15",
    "properties": {
      "provisioningOperation": "Create",
      "provisioningState": "Succeeded",
      "timestamp": "2019-08-02T01:49:16.9767293Z",
      "duration": "PT3.7723763S",
      "trackingId": "815820cf-2b8e-4f6d-92e5-008df89b3105",
      "statusCode": "OK",
      "targetResource": {
        "id": "/subscriptions/363e71f8-147e-4f78-bab5-c40600d3d6b4/resourceGroups/deploy/providers/Microsoft.Network/networkSecurityGroups/Deploy-nsg",
        "resourceType": "Microsoft.Network/networkSecurityGroups",
        "resourceName": "Deploy-nsg"
      }
    }
  },
  {
    "id": "/subscriptions/363e71f8-147e-4f78-bab5-c40600d3d6b4/resourceGroups/deploy/providers/Microsoft.Resources/deployments/CreateVm-Canonical.UbuntuServer-16.04-LTS-20190801222952/operations/4C903E9D790F3972",
    "operationId": "4C903E9D790F3972",
    "properties": {
      "provisioningOperation": "Create",
      "provisioningState": "Succeeded",
      "timestamp": "2019-08-02T01:49:21.2761473Z",
      "duration": "PT8.0717943S",
      "trackingId": "93eba1a4-5102-43c2-b746-718a691ac787",
      "statusCode": "OK",
      "targetResource": {
        "id": "/subscriptions/363e71f8-147e-4f78-bab5-c40600d3d6b4/resourceGroups/deploy/providers/Microsoft.Compute/disks/Deploy_DataDisk_0",
        "resourceType": "Microsoft.Compute/disks",
        "resourceName": "Deploy_DataDisk_0"
      }
    }
  },
  {
    "id": "/subscriptions/363e71f8-147e-4f78-bab5-c40600d3d6b4/resourceGroups/deploy/providers/Microsoft.Resources/deployments/CreateVm-Canonical.UbuntuServer-16.04-LTS-20190801222952/operations/2CC4B899D8EF6D44",
    "operationId": "2CC4B899D8EF6D44",
    "properties": {
      "provisioningOperation": "Create",
      "provisioningState": "Succeeded",
      "timestamp": "2019-08-02T01:49:15.3198763Z",
      "duration": "PT2.1155233S",
      "trackingId": "0edfba4a-fbf7-44a4-919a-f045d7243284",
      "statusCode": "OK",
      "targetResource": {
        "id": "/subscriptions/363e71f8-147e-4f78-bab5-c40600d3d6b4/resourceGroups/deploy/providers/Microsoft.Network/publicIpAddresses/Deploy-ip",
        "resourceType": "Microsoft.Network/publicIpAddresses",
        "resourceName": "Deploy-ip"
      }
    }
  },
  {
    "id": "/subscriptions/363e71f8-147e-4f78-bab5-c40600d3d6b4/resourceGroups/deploy/providers/Microsoft.Resources/deployments/CreateVm-Canonical.UbuntuServer-16.04-LTS-20190801222952/operations/B026ED997753CD4E",
    "operationId": "B026ED997753CD4E",
    "properties": {
      "provisioningOperation": "Create",
      "provisioningState": "Succeeded",
      "timestamp": "2019-08-02T01:49:39.3421428Z",
      "duration": "PT26.1377898S",
      "trackingId": "d03ea00f-c4b4-4873-be04-e5809663fc1d",
      "statusCode": "OK",
      "targetResource": {
        "id": "/subscriptions/363e71f8-147e-4f78-bab5-c40600d3d6b4/resourceGroups/deploy/providers/Microsoft.Storage/storageAccounts/deploydiag407",
        "resourceType": "Microsoft.Storage/storageAccounts",
        "resourceName": "deploydiag407"
      }
    }
  }
]